,playerid,fname,lname,position,height,weight,birthday,country,school,draft_year,fullname,API_Names
0,1630173,Precious,Achiuwa,Forward,6-8,225,1999-09-19,Nigeria,Memphis,2020,Precious Achiuwa,Precious Achiuwa
2,1628389,Bam,Adebayo,Center-Forward,6-9,255,1997-07-18,USA,Kentucky,2017,Bam Adebayo,Bam Adebayo
3,1630534,Ochai,Agbaji,Guard,6-5,215,2000-04-20,USA,Kansas,2022,Ochai Agbaji,Ochai Agbaji
4,1630583,Santi,Aldama,Forward-Center,7-0,215,2001-01-10,Spain,Loyola-Maryland,2021,Santi Aldama,Santi Aldama
5,1629638,Nickeil,Alexander-Walker,Guard,6-5,205,1998-09-02,Canada,Virginia Tech,2019,Nickeil Alexander-Walker,Nickeil Alexander-Walker
6,1628960,Grayson,Allen,Guard,6-4,198,1995-10-08,USA,Duke,2018,Grayson Allen,Grayson Allen
7,1628386,Jarrett,Allen,Center,6-9,243,1998-04-21,USA,Texas,2017,Jarrett Allen,Jarrett Allen
8,1630631,Jose,Alvarado,Guard,6-0,179,1998-04-12,USA,Georgia Tech,2021,Jose Alvarado,Jose Alvarado
9,203937,Kyle,Anderson,Forward-Guard,6-9,230,1993-09-20,USA,UCLA,2014,Kyle Anderson,Kyle Anderson
10,203507,Giannis,Antetokounmpo,Forward,7-0,243,1994-12-06,Greece,Filathlitikos,2013,Giannis Antetokounmpo,Giannis Antetokounmpo
11,1628961,Kostas,Antetokounmpo,Forward,6-10,200,1997-11-20,Greece,University of Dayton,2018,Kostas Antetokounmpo,Giannis Antetokounmpo
12,203648,Thanasis,Antetokounmpo,Forward,6-7,219,1992-07-18,Greece,Panathinaikos,2014,Thanasis Antetokounmpo,Thanasis Antetokounmpo
13,1630175,Cole,Anthony,Guard,6-3,185,2000-05-15,USA,North Carolina,2020,Cole Anthony,Cole Anthony
14,1628384,O.G.,Anunoby,Forward,6-7,232,1997-07-17,United Kingdom,Indiana,2017,O.G. Anunoby,OG Anunoby
15,1627853,Ryan,Arcidiacono,Guard,6-3,195,1994-03-26,USA,Villanova,2017,Ryan Arcidiacono,Ryan Arcidiacono
17,1630166,Deni,Avdija,Forward,6-9,210,2001-01-03,Israel,Maccabi Tel Aviv,2020,Deni Avdija,Deni Avdija
18,1629028,Deandre,Ayton,Center,7-0,250,1998-07-23,Bahamas,Arizona,2018,Deandre Ayton,Deandre Ayton
19,1628962,Udoka,Azubuike,Center-Forward,6-11,270,1999-09-17,Nigeria,Kansas,2020,Udoka Azubuike,Udoka Azubuike
21,1628963,Marvin,Bagley III,Forward,6-10,235,1999-03-14,USA,Duke,2018,Marvin Bagley III,Marvin Bagley III
22,1631116,Patrick,Baldwin,Forward,6-9,220,2002-11-18,USA,Wisconsin-Milwaukee,2022,Patrick Baldwin,Patrick Baldwin Jr.
23,1630163,LaMelo,Ball,Guard,6-7,180,2001-08-22,USA,Illawarra,2020,LaMelo Ball,LaMelo Ball
24,1628964,Mo,Bamba,Center,7-0,231,1998-05-12,USA,Texas,2018,Mo Bamba,Mo Bamba
25,1631094,Paolo,Banchero,Forward,6-10,250,2002-11-12,USA,Duke,2022,Paolo Banchero,Paolo Banchero
26,1630217,Desmond,Bane,Guard,6-5,215,1998-06-25,USA,TCU,2020,Desmond Bane,Desmond Bane
27,1630625,Dalano,Banton,Forward,6-7,204,1999-11-07,Canada,Nebraska,2021,Dalano Banton,Dalano Banton
29,203084,Harrison,Barnes,Forward,6-8,225,1992-05-30,USA,North Carolina,2012,Harrison Barnes,Harrison Barnes
30,1630567,Scottie,Barnes,Forward,6-8,225,2001-08-01,USA,Florida State,2021,Scottie Barnes,Scottie Barnes
31,1629628,RJ,Barrett,Forward-Guard,6-6,214,2000-06-14,Canada,Duke,2019,RJ Barrett,RJ Barrett
33,1629646,Charles,Bassey,Center-Forward,6-9,230,2000-10-28,Nigeria,Western Kentucky,2021,Charles Bassey,Charles Bassey
34,1628966,Keita,Bates-Diop,Forward,6-8,229,1996-01-23,USA,Ohio State,2018,Keita Bates-Diop,Keita Bates-Diop
35,201587,Nicolas,Batum,Guard-Forward,6-8,230,1988-12-14,France,Le Mans,2008,Nicolas Batum,Nicolas Batum
36,1629647,Darius,Bazley,Forward,6-9,216,2000-06-12,USA,Princeton HS (OH),2019,Darius Bazley,Amari Bailey
37,203078,Bradley,Beal,Guard,6-4,207,1993-06-28,USA,Florida,2012,Bradley Beal,Bradley Beal
38,1627736,Malik,Beasley,Guard,6-4,187,1996-11-26,USA,Florida State,2016,Malik Beasley,Malik Beasley
39,1630699,MarJon,Beauchamp,Forward,6-7,199,2000-10-12,USA,NBA G League Ignite,2022,MarJon Beauchamp,MarJon Beauchamp
40,202722,Davis,Bertans,Forward,6-10,225,1992-11-12,Latvia,Baskonia,2011,Davis Bertans,Dāvis Bertāns
41,201976,Patrick,Beverley,Guard,6-2,180,1988-07-12,USA,Arkansas,2009,Patrick Beverley,Patrick Beverley
42,1630180,Saddiq,Bey,Forward,6-7,215,1999-04-09,USA,Villanova,2020,Saddiq Bey,Saddiq Bey
44,1629048,Goga,Bitadze,Center-Forward,6-11,250,1999-07-20,Georgia,Mega Basket,2019,Goga Bitadze,Goga Bitadze
45,202687,Bismack,Biyombo,Center,6-8,255,1992-08-28,DRC,Baloncesto Fuenlabrada,2011,Bismack Biyombo,Bismack Biyombo
47,203992,Bogdan,Bogdanovic,Guard,6-5,225,1992-08-18,Serbia,Fenerbahce,2014,Bogdan Bogdanovic,Bogdan Bogdanović
48,202711,Bojan,Bogdanovic,Forward,6-7,226,1989-04-18,Croatia,Fenerbahce,2011,Bojan Bogdanovic,Bogdan Bogdanović
49,1629626,Bol,Bol,Center-Forward,7-2,220,1999-11-16,Sudan,Oregon,2019,Bol Bol,Bol Bol
51,1626164,Devin,Booker,Guard,6-5,206,1996-10-30,USA,Kentucky,2015,Devin Booker,Devin Booker
52,1630527,Brandon,Boston Jr.,Guard,6-6,188,2001-11-28,USA,Kentucky,2021,Brandon Boston Jr.,Troy Brown Jr.
53,1628449,Chris,Boucher,Forward-Center,6-9,200,1993-01-11,Saint Lucia,Oregon,2017,Chris Boucher,Chris Boucher
55,1631123,Jamaree,Bouyea,Guard,6-2,180,1999-06-27,USA,San Francisco,2022,Jamaree Bouyea,Jamaree Bouyea
57,1631103,Malaki,Branham,Forward,6-4,180,2003-05-12,USA,Ohio State,2022,Malaki Branham,Malaki Branham
58,1629714,Jarrell,Brantley,Forward,6-5,250,1996-06-07,USA,College of Charleston,2019,Jarrell Brantley,Jared Butler
59,1631128,Christian,Braun,Guard,6-6,220,2001-04-17,USA,Kansas,2022,Christian Braun,Christian Braun
60,1628969,Mikal,Bridges,Guard-Forward,6-6,209,1996-08-30,USA,Villanova,2018,Mikal Bridges,Mikal Bridges
61,1629052,Oshae,Brissett,Forward-Guard,6-7,210,1998-06-20,Canada,Syracuse,2019,Oshae Brissett,Oshae Brissett
62,1627763,Malcolm,Brogdon,Guard,6-4,229,1992-12-11,USA,Virginia,2016,Malcolm Brogdon,Malcolm Brogdon
63,1628415,Dillon,Brooks,Guard-Forward,6-6,225,1996-01-22,Canada,Oregon,2017,Dillon Brooks,Dillon Brooks
64,1628971,Bruce,Brown,Guard-Forward,6-4,202,1996-08-15,USA,Miami,2018,Bruce Brown,Bruce Brown
65,1627759,Jaylen,Brown,Guard-Forward,6-6,223,1996-10-24,USA,California,2016,Jaylen Brown,Jaylen Brown
66,1631112,Kendall,Brown,Guard,6-7,205,2003-05-11,USA,Baylor,2022,Kendall Brown,Kobe Brown
67,1629650,Moses,Brown,Center,7-2,245,1999-10-13,USA,UCLA,2019,Moses Brown,Moses Brown
68,1628425,Sterling,Brown,Guard-Forward,6-5,219,1995-02-10,USA,Southern Methodist,2017,Sterling Brown,Jaylen Brown
69,1630535,Greg,Brown III,Forward,6-7,206,2001-09-01,USA,Texas,2021,Greg Brown III,Bruce Brown
70,1628972,Troy,Brown Jr.,Guard-Forward,6-7,215,1999-07-28,USA,Oregon,2018,Troy Brown Jr.,Troy Brown Jr.
71,1628973,Jalen,Brunson,Guard,6-2,190,1996-08-31,USA,Villanova,2018,Jalen Brunson,Jalen Brunson
72,1628418,Thomas,Bryant,Center-Forward,6-10,248,1997-07-31,USA,Indiana,2017,Thomas Bryant,Thomas Bryant
73,203493,Reggie,Bullock,Guard-Forward,6-6,205,1991-03-16,USA,North Carolina,2013,Reggie Bullock,Reggie Bullock
74,202692,Alec,Burks,Guard,6-6,214,1991-07-20,USA,Colorado,2011,Alec Burks,Alec Burks
75,1629126,Deonte,Burton,Guard-Forward,6-4,240,1994-01-31,USA,Iowa State,2018,Deonte Burton,Dejounte Murray
76,1630215,Jared,Butler,Guard,6-3,193,2000-08-25,USA,Baylor,2021,Jared Butler,Jared Butler
77,202710,Jimmy,Butler,Forward,6-7,230,1989-09-14,USA,Marquette,2011,Jimmy Butler,Jimmy Butler
78,1631219,John,Butler Jr.,Forward,7-0,190,2002-12-04,USA,Florida State,2022,John Butler Jr.,Ron Harper Jr.
79,1631288,Jamal,Cain,Forward,6-6,191,1999-03-20,USA,Oakland,2022,Jamal Cain,Jamal Cain
80,203484,Kentavious,Caldwell-Pope,Guard,6-5,204,1993-02-18,USA,Georgia,2013,Kentavious Caldwell-Pope,Kentavious Caldwell-Pope
83,203991,Clint,Capela,Center,6-10,256,1994-05-18,Switzerland,Elan Chalon,2014,Clint Capela,Clint Capela
84,1630176,Vernon,Carey Jr.,Center,6-10,270,2001-02-25,USA,Duke,2020,Vernon Carey Jr.,Ron Harper Jr.
85,1628975,Jevon,Carter,Guard,6-1,200,1995-09-14,USA,West Virginia,2018,Jevon Carter,Jevon Carter
86,1628976,Wendell,Carter Jr.,Center-Forward,6-10,270,1999-04-16,USA,Duke,2018,Wendell Carter Jr.,Wendell Carter Jr.
87,203487,Michael,Carter-Williams,Guard,6-5,190,1991-10-10,USA,Syracuse,2013,Michael Carter-Williams,Ziaire Williams
88,1627936,Alex,Caruso,Guard,6-5,186,1994-02-28,USA,Texas A&M,2017,Alex Caruso,Alex Caruso
90,1630577,Julian,Champagnie,Forward,6-7,217,2001-06-29,USA,St. John's,2022,Julian Champagnie,Julian Champagnie
91,1630551,Justin,Champagnie,Guard-Forward,6-6,206,2001-06-29,USA,Pittsburgh,2021,Justin Champagnie,Julian Champagnie
93,1631108,Max,Christie,Guard,6-5,190,2003-02-10,USA,Michigan State,2022,Max Christie,Max Christie
94,1630528,Josh,Christopher,Guard,6-4,215,2001-12-08,USA,Arizona State,2021,Josh Christopher,Chris Boucher
95,1629634,Brandon,Clarke,Forward,6-8,215,1996-09-19,Canada,Gonzaga,2019,Brandon Clarke,Brandon Miller
96,203903,Jordan,Clarkson,Guard,6-5,194,1992-06-07,USA,Missouri,2014,Jordan Clarkson,Jordan Clarkson
97,1629651,Nic,Claxton,Center,6-11,215,1999-04-17,USA,Georgia,2019,Nic Claxton,Nic Claxton
98,1629599,Amir,Coffey,Guard-Forward,6-7,210,1997-06-17,USA,Minnesota,2019,Amir Coffey,Amir Coffey
99,1628381,John,Collins,Forward-Center,6-9,226,1997-09-23,USA,Wake Forest,2017,John Collins,John Collins
100,1628380,Zach,Collins,Forward-Center,6-11,250,1997-11-19,USA,Gonzaga,2017,Zach Collins,Zach Collins
102,201144,Mike,Conley,Guard,6-1,175,1987-10-11,USA,Ohio State,2007,Mike Conley,Mike Conley
103,1626192,Pat,Connaughton,Guard,6-5,209,1993-01-06,USA,Notre Dame,2015,Pat Connaughton,Pat Connaughton
105,203496,Robert,Covington,Forward,6-7,209,1990-12-14,USA,Tennessee State,2013,Robert Covington,Robert Covington
106,1628470,Torrey,Craig,Forward,6-7,221,1990-12-19,USA,South Carolina Upstate,2017,Torrey Craig,Torrey Craig
107,203109,Jae,Crowder,Forward,6-6,235,1990-07-06,USA,Marquette,2012,Jae Crowder,Jae Crowder
108,1629633,Jarrett,Culver,Guard-Forward,6-6,195,1999-02-20,USA,Texas Tech,2019,Jarrett Culver,Jarrett Allen
109,1630595,Cade,Cunningham,Guard,6-7,220,2001-09-25,USA,Oklahoma State,2021,Cade Cunningham,Cade Cunningham
110,203552,Seth,Curry,Guard,6-1,185,1990-08-23,USA,Duke,2013,Seth Curry,Seth Curry
111,201939,Stephen,Curry,Guard,6-2,185,1988-03-14,USA,Davidson,2009,Stephen Curry,Stephen Curry
112,1630700,Dyson,Daniels,Guard,6-7,199,2003-03-17,Australia,NBA G League Ignite,2022,Dyson Daniels,Dyson Daniels
113,203076,Anthony,Davis,Forward-Center,6-10,253,1993-03-11,USA,Kentucky,2012,Anthony Davis,Anthony Davis
114,1631098,Johnny,Davis,Guard,6-4,195,2002-02-27,USA,Wisconsin,2022,Johnny Davis,Johnny Davis
115,1629056,Terence,Davis,Guard,6-4,201,1997-05-16,USA,Mississippi,2019,Terence Davis,Terance Mann
116,1631120,JD,Davison,Guard,6-1,195,2002-10-03,USA,Alabama,2022,JD Davison,Johnny Davis
117,1630620,Darius,Days,Forward,6-7,245,1999-10-20,USA,Louisiana State,2022,Darius Days,Darius Garland
118,201942,DeMar,DeRozan,Guard-Forward,6-6,220,1989-08-07,USA,Southern California,2009,DeMar DeRozan,DeMar DeRozan
121,1628978,Donte,DiVincenzo,Guard,6-4,203,1997-01-31,USA,Villanova,2018,Donte DiVincenzo,Donte DiVincenzo
122,1631217,Moussa,Diabate,Forward,6-10,210,2002-01-21,France,Michigan,2022,Moussa Diabate,Moussa Diabaté
126,1631172,Ousmane,Dieng,Forward,6-9,185,2003-05-21,France,New Zealand Breakers,2022,Ousmane Dieng,Ousmane Dieng
127,203915,Spencer,Dinwiddie,Guard,6-5,215,1993-04-06,USA,Colorado,2014,Spencer Dinwiddie,Spencer Dinwiddie
128,1629029,Luka,Doncic,Forward-Guard,6-7,230,1999-02-28,Slovenia,Real Madrid,2018,Luka Doncic,Luka Dončić
129,1628416,Tyler,Dorsey,Guard,6-4,180,1996-02-18,USA,Oregon,2017,Tyler Dorsey,Kyle Lowry
130,1629652,Luguentz,Dort,Guard,6-4,220,1999-04-19,Canada,Arizona State,2019,Luguentz Dort,Luguentz Dort
131,1630245,Ayo,Dosunmu,Guard,6-5,200,2000-01-17,USA,Illinois,2021,Ayo Dosunmu,Ayo Dosunmu
132,1629653,Devon,Dotson,Guard,6-1,185,1999-08-02,USA,Kansas,2020,Devon Dotson,Kevon Looney
135,201609,Goran,Dragic,Guard,6-4,190,1986-05-06,Slovenia,Union Olimpija,2008,Goran Dragic,Gradey Dick
136,203083,Andre,Drummond,Center,6-11,279,1993-08-10,USA,Connecticut,2012,Andre Drummond,Andre Drummond
137,1630537,Chris,Duarte,Guard,6-5,190,1997-06-13,Dominican Republic,Oregon,2021,Chris Duarte,Chris Duarte
139,1627739,Kris,Dunn,Guard,6-3,205,1994-03-18,USA,Providence,2016,Kris Dunn,Kris Dunn
140,201142,Kevin,Durant,Forward,6-10,240,1988-09-29,USA,Texas,2007,Kevin Durant,Kevin Durant
141,1631105,Jalen,Duren,Center,6-11,250,2003-11-18,USA,Memphis,2022,Jalen Duren,Jalen Duren
142,1631106,Tari,Eason,Forward,6-8,215,2001-05-10,USA,Louisiana State,2022,Tari Eason,Tari Eason
143,1630162,Anthony,Edwards,Guard,6-4,225,2001-08-05,USA,Georgia,2020,Anthony Edwards,Anthony Edwards
144,1630556,Kessler,Edwards,Forward,6-7,203,2000-08-09,USA,Pepperdine,2021,Kessler Edwards,Kessler Edwards
145,1631165,Keon,Ellis,Guard,6-3,175,2000-01-08,USA,Alabama,2022,Keon Ellis,Keon Ellis
146,203954,Joel,Embiid,Center-Forward,7-0,280,1994-03-16,Cameroon,Kansas,2014,Joel Embiid,Joel Embiid
147,1629234,Drew,Eubanks,Forward-Center,6-10,245,1997-02-01,USA,Oregon State,2018,Drew Eubanks,Drew Eubanks
148,202324,Derrick,Favors,Forward,6-9,265,1991-07-15,USA,Georgia Tech,2010,Derrick Favors,Derrick Rose
149,1628981,Bruno,Fernando,Forward-Center,6-10,240,1998-08-15,Angola,Maryland,2019,Bruno Fernando,Bruno Fernando
150,1627827,Dorian,Finney-Smith,Forward,6-7,220,1993-05-04,USA,Florida,2016,Dorian Finney-Smith,Dorian Finney-Smith
151,1630201,Malachi,Flynn,Guard,6-1,175,1998-05-09,USA,San Diego State,2020,Malachi Flynn,Malachi Flynn
152,1631323,Simone,Fontecchio,Forward,6-7,209,1995-12-09,Italy,Baskonia,2022,Simone Fontecchio,Simone Fontecchio
153,1627854,Bryn,Forbes,Guard,6-2,205,1993-07-23,USA,Michigan State,2016,Bryn Forbes,Trent Forrest
154,1630235,Trent,Forrest,Guard,6-4,210,1998-06-12,USA,Florida State,2020,Trent Forrest,Trent Forrest
155,1630701,Michael,Foster Jr.,Forward,6-8,250,2003-01-16,USA,NBA G League Ignite,2022,Michael Foster Jr.,Michael Porter Jr.
156,203095,Evan,Fournier,Guard-Forward,6-6,205,1992-10-29,France,Poitiers Basket 86,2012,Evan Fournier,Evan Fournier
157,1628368,De'Aaron,Fox,Guard,6-3,185,1997-12-20,USA,Kentucky,2017,De'Aaron Fox,De'Aaron Fox
158,1628365,Markelle,Fultz,Guard,6-4,209,1998-05-29,USA,Washington,2017,Markelle Fultz,Markelle Fultz
160,1629655,Daniel,Gafford,Forward-Center,6-10,234,1998-10-01,USA,Arkansas,2019,Daniel Gafford,Daniel Gafford
161,1629636,Darius,Garland,Guard,6-1,192,2000-01-26,USA,Vanderbilt,2019,Darius Garland,Darius Garland
163,1630568,Luka,Garza,Center,6-10,243,1998-12-27,USA,Iowa,2021,Luka Garza,Luka Garza
164,200752,Rudy,Gay,Forward-Guard,6-8,250,1986-08-17,USA,Connecticut,2006,Rudy Gay,Rudy Gobert
165,202331,Paul,George,Forward,6-8,220,1990-05-02,USA,Fresno State,2010,Paul George,Paul George
166,201959,Taj,Gibson,Forward,6-9,232,1985-06-24,USA,Southern California,2009,Taj Gibson,Tari Eason
167,1630581,Josh,Giddey,Guard,6-8,216,2002-10-10,Australia,NBA Global Academy,2021,Josh Giddey,Josh Giddey
168,1628983,Shai,Gilgeous-Alexander,Guard,6-6,195,1998-07-12,Canada,Kentucky,2018,Shai Gilgeous-Alexander,Shai Gilgeous-Alexander
169,1630264,Anthony,Gill,Forward,6-8,230,1992-10-17,USA,Virginia,2020,Anthony Gill,Anthony Gill
170,1631367,Jacob,Gilyard,Guard,5-9,160,1998-07-14,USA,Richmond,2022,Jacob Gilyard,Jacob Gilyard
171,203497,Rudy,Gobert,Center,7-1,258,1992-06-26,France,Cholet,2013,Rudy Gobert,Rudy Gobert
172,1630692,Jordan,Goodwin,Guard,6-3,200,1998-10-23,USA,St. Louis,2021,Jordan Goodwin,Jordan Goodwin
173,203932,Aaron,Gordon,Forward,6-8,235,1995-09-16,USA,Arizona,2014,Aaron Gordon,Aaron Gordon
174,201569,Eric,Gordon,Guard,6-3,215,1988-12-25,USA,Indiana,2008,Eric Gordon,Eric Gordon
175,1628984,Devonte',Graham,Guard,6-1,195,1995-02-22,USA,Kansas,2018,Devonte' Graham,Devonte' Graham
176,203924,Jerami,Grant,Forward,6-8,210,1994-03-12,USA,Syracuse,2014,Jerami Grant,Jerami Grant
178,1631260,AJ,Green,Guard,6-5,190,1999-09-27,USA,Northern Iowa,2022,AJ Green,A.J. Green
179,201980,Danny,Green,Guard,6-6,215,1987-06-22,USA,North Carolina,2009,Danny Green,Danny Green
180,203110,Draymond,Green,Forward,6-6,230,1990-03-04,USA,Michigan State,2012,Draymond Green,Draymond Green
181,203210,JaMychal,Green,Forward-Center,6-9,227,1990-06-21,USA,Alabama,2014,JaMychal Green,Jalen Green
182,1630224,Jalen,Green,Guard,6-4,186,2002-02-09,USA,NBA G League Ignite,2021,Jalen Green,Jalen Green
183,1629750,Javonte,Green,Guard,6-5,205,1993-07-23,USA,Radford,2019,Javonte Green,Jalen Green
184,201145,Jeff,Green,Forward,6-8,235,1986-08-28,USA,Georgetown,2007,Jeff Green,Jeff Green
185,1630182,Josh,Green,Guard,6-7,200,2000-11-16,Australia,Arizona,2020,Josh Green,Josh Green
186,1631100,AJ,Griffin,Forward,6-6,220,2003-08-25,USA,Duke,2022,AJ Griffin,AJ Griffin
187,201933,Blake,Griffin,Forward,6-9,250,1989-03-16,USA,Oklahoma,2009,Blake Griffin,AJ Griffin
188,1629656,Quentin,Grimes,Guard,6-5,210,2000-05-08,USA,Houston,2021,Quentin Grimes,Quentin Grimes
189,1629060,Rui,Hachimura,Forward,6-8,230,1998-02-08,Japan,Gonzaga,2019,Rui Hachimura,Rui Hachimura
190,1630169,Tyrese,Haliburton,Guard,6-5,185,2000-02-29,USA,Iowa State,2020,Tyrese Haliburton,Tyrese Haliburton
191,1631160,Jordan,Hall,Guard,6-7,215,2002-01-14,USA,Saint Joseph's,2022,Jordan Hall,Jordan Miller
193,203501,Tim,Hardaway Jr.,Guard-Forward,6-5,205,1992-03-16,USA,Michigan,2013,Tim Hardaway Jr.,Tim Hardaway Jr.
194,201935,James,Harden,Guard,6-5,220,1989-08-26,USA,Arizona State,2009,James Harden,James Harden
195,1630702,Jaden,Hardy,Guard,6-3,198,2002-07-05,USA,NBA G League Ignite,2022,Jaden Hardy,Jaden Hardy
196,1631199,Ron,Harper Jr.,Forward,6-5,245,2000-04-12,USA,Rutgers,2022,Ron Harper Jr.,Ron Harper Jr.
198,203914,Gary,Harris,Guard,6-4,210,1994-09-14,USA,Michigan State,2014,Gary Harris,Gary Harris
199,203925,Joe,Harris,Guard-Forward,6-6,220,1991-09-06,USA,Virginia,2014,Joe Harris,Joe Harris
200,1630284,Kevon,Harris,Guard,6-6,216,1997-06-24,USA,Stephen F. Austin,2022,Kevon Harris,Joe Harris
201,202699,Tobias,Harris,Forward,6-7,226,1992-07-15,USA,Tennessee,2011,Tobias Harris,Tobias Harris
203,1628404,Josh,Hart,Guard,6-4,215,1995-03-06,USA,Villanova,2017,Josh Hart,Josh Hart
204,1628392,Isaiah,Hartenstein,Center-Forward,7-0,250,1998-05-05,Germany,Zalgiris,2017,Isaiah Hartenstein,Isaiah Hartenstein
206,1630573,Sam,Hauser,Forward,6-7,217,1997-12-08,USA,Virginia,2021,Sam Hauser,Sam Hauser
207,1629637,Jaxson,Hayes,Center-Forward,7-0,220,2000-05-23,USA,Texas,2019,Jaxson Hayes,Jaxson Hayes
208,1630165,Killian,Hayes,Guard,6-5,195,2001-07-27,France,Ratiopharm Ulm,2020,Killian Hayes,Killian Hayes
209,202330,Gordon,Hayward,Forward,6-7,225,1990-03-23,USA,Butler,2010,Gordon Hayward,Gordon Hayward
212,1629639,Tyler,Herro,Guard,6-5,195,2000-01-20,USA,Kentucky,2019,Tyler Herro,Tyler Herro
213,1627741,Buddy,Hield,Guard,6-4,220,1992-12-17,Bahamas,Oklahoma,2016,Buddy Hield,Buddy Hield
214,1629312,Haywood,Highsmith,Forward,6-5,220,1996-12-09,USA,Wheeling Jesuit,2018,Haywood Highsmith,Haywood Highsmith
215,201588,George,Hill,Guard,6-4,188,1986-05-04,USA,Indiana-Purdue Indianapolis,2008,George Hill,Georges Niang
216,1630792,Malcolm,Hill,Forward,6-6,220,1995-10-26,USA,Illinois,2021,Malcolm Hill,Malcolm Cazalon
217,1628988,Aaron,Holiday,Guard,6-0,185,1996-09-30,USA,UCLA,2018,Aaron Holiday,Aaron Holiday
218,201950,Jrue,Holiday,Guard,6-5,205,1990-06-12,USA,UCLA,2009,Jrue Holiday,Jrue Holiday
219,203200,Justin,Holiday,Forward-Guard,6-6,180,1989-04-05,USA,Washington,2012,Justin Holiday,Justin Holiday
220,1626158,Richaun,Holmes,Forward,6-8,235,1993-10-15,USA,Bowling Green,2015,Richaun Holmes,Richaun Holmes
221,201143,Al,Horford,Center-Forward,6-9,240,1986-06-03,Dominican Republic,Florida,2007,Al Horford,Al Horford
222,1629659,Talen,Horton-Tucker,Guard,6-4,234,2000-11-25,USA,Iowa State,2019,Talen Horton-Tucker,Talen Horton-Tucker
223,1627863,Danuel,House Jr.,Forward-Guard,6-6,220,1993-06-07,USA,Texas A&M,2016,Danuel House Jr.,Danuel House Jr.
224,1631216,Caleb,Houstan,Guard,6-8,205,2003-01-09,Canada,Michigan,2022,Caleb Houstan,Caleb Houstan
226,1628989,Kevin,Huerter,Guard-Forward,6-7,198,1998-08-27,USA,Maryland,2018,Kevin Huerter,Kevin Huerter
229,1629631,De'Andre,Hunter,Forward-Guard,6-8,221,1997-12-02,USA,Virginia,2019,De'Andre Hunter,De'Andre Hunter
230,1630538,Bones,Hyland,Guard,6-2,169,2000-09-14,USA,Virginia Commonwealth,2021,Bones Hyland,Bones Hyland
232,2738,Andre,Iguodala,Guard-Forward,6-6,215,1984-01-28,USA,Arizona,2004,Andre Iguodala,DeAndre Jordan
233,204060,Joe,Ingles,Forward-Guard,6-9,220,1987-10-02,Australia,Maccabi Tel Aviv,2014,Joe Ingles,Joe Ingles
234,1627742,Brandon,Ingram,Forward,6-8,190,1997-09-02,USA,Duke,2016,Brandon Ingram,Brandon Ingram
235,202681,Kyrie,Irving,Guard,6-2,195,1992-03-23,Australia,Duke,2011,Kyrie Irving,Kyrie Irving
236,1628371,Jonathan,Isaac,Forward,6-10,230,1997-10-03,USA,Florida State,2017,Jonathan Isaac,Jonathan Isaac
237,1631093,Jaden,Ivey,Guard,6-4,195,2002-02-13,USA,Purdue,2022,Jaden Ivey,Jaden Ivey
238,1628402,Frank,Jackson,Guard,6-3,205,1998-05-04,USA,Duke,2017,Frank Jackson,Jaren Jackson Jr.
239,1630543,Isaiah,Jackson,Forward,6-9,205,2002-01-10,USA,Kentucky,2021,Isaiah Jackson,Isaiah Jackson
240,1628382,Justin,Jackson,Forward,6-8,220,1995-03-28,USA,North Carolina,2017,Justin Jackson,Isaiah Jackson
241,1631245,Quenton,Jackson,Guard,6-5,173,1998-09-15,USA,Texas A&M,2022,Quenton Jackson,Peyton Watson
242,202704,Reggie,Jackson,Guard,6-2,208,1990-04-16,USA,Boston College,2011,Reggie Jackson,Reggie Jackson
243,1628991,Jaren,Jackson Jr.,Forward-Center,6-10,242,1999-09-15,USA,Michigan State,2018,Jaren Jackson Jr.,Jaren Jackson Jr.
244,2544,LeBron,James,Forward,6-9,250,1984-12-30,USA,St. Vincent-St. Mary HS (OH),2003,LeBron James,LeBron James
245,1629610,DaQuan,Jeffries,Guard-Forward,6-5,222,1997-08-30,USA,Tulsa,2019,DaQuan Jeffries,DaQuan Jeffries
246,1629660,Ty,Jerome,Guard-Forward,6-5,195,1997-07-08,USA,Virginia,2019,Ty Jerome,Ty Jerome
247,1630198,Isaiah,Joe,Guard,6-3,165,1999-07-02,USA,Arkansas,2020,Isaiah Joe,Isaiah Joe
248,1628993,Alize,Johnson,Forward,6-8,212,1996-04-22,USA,Missouri State,2018,Alize Johnson,Jalen Johnson
249,1629661,Cameron,Johnson,Forward,6-8,210,1996-03-03,USA,North Carolina,2019,Cameron Johnson,Cameron Johnson
250,1630552,Jalen,Johnson,Forward,6-8,219,2001-12-18,USA,Duke,2021,Jalen Johnson,Jalen Johnson
251,201949,James,Johnson,Forward,6-7,240,1987-02-20,USA,Wake Forest,2009,James Johnson,Jalen Johnson
252,1629640,Keldon,Johnson,Forward-Guard,6-5,220,1999-10-11,USA,Kentucky,2019,Keldon Johnson,Keldon Johnson
253,1630553,Keon,Johnson,Guard,6-3,185,2002-03-10,USA,Tennessee,2021,Keon Johnson,Keldon Johnson
254,1626169,Stanley,Johnson,Forward-Guard,6-6,242,1996-05-29,USA,Arizona,2015,Stanley Johnson,Jalen Johnson
255,203999,Nikola,Jokic,Center,6-11,284,1995-02-19,Serbia,Mega Basket,2014,Nikola Jokic,Nikola Jokić
256,1630637,Carlik,Jones,Guard,6-0,174,1997-12-23,USA,Louisville,2021,Carlik Jones,Colby Jones
257,1627745,Damian,Jones,Center,6-11,245,1995-06-30,USA,Vanderbilt,2016,Damian Jones,Damian Jones
258,1630529,Herbert,Jones,Forward,6-7,206,1998-10-06,USA,Alabama,2021,Herbert Jones,Herbert Jones
259,1630539,Kai,Jones,Center-Forward,6-11,221,2001-01-19,Bahamas,Texas,2021,Kai Jones,Damian Jones
260,1630200,Tre,Jones,Guard,6-1,185,2000-01-08,USA,Duke,2020,Tre Jones,Tre Jones
261,1626145,Tyus,Jones,Guard,6-2,196,1996-05-10,USA,Duke,2015,Tyus Jones,Tyus Jones
262,1627884,Derrick,Jones Jr.,Forward,6-6,210,1997-02-15,USA,UNLV,2016,Derrick Jones Jr.,Derrick Jones Jr.
263,201599,DeAndre,Jordan,Center,6-11,265,1988-07-21,USA,Texas A&M,2008,DeAndre Jordan,DeAndre Jordan
264,202709,Cory,Joseph,Guard,6-3,200,1991-08-20,Canada,Texas,2011,Cory Joseph,Cory Joseph
265,1631107,Nikola,Jovic,Forward,6-10,205,2003-06-09,Serbia,Mega Basket,2022,Nikola Jovic,Nikola Jović
266,1630548,Johnny,Juzang,Guard,6-6,209,2001-03-17,USA,UCLA,2022,Johnny Juzang,Johnny Davis
270,1628379,Luke,Kennard,Guard,6-5,206,1996-06-24,USA,Duke,2017,Luke Kennard,Luke Kennard
271,1631117,Walker,Kessler,Center,7-0,245,2001-07-26,USA,Auburn,2022,Walker Kessler,Walker Kessler
272,1630296,Braxton,Key,Forward,6-8,225,1997-02-14,USA,Virginia,2021,Braxton Key,Braxton Key
274,1630557,Corey,Kispert,Forward,6-6,224,1999-03-03,USA,Gonzaga,2021,Corey Kispert,Corey Kispert
275,1628467,Maxi,Kleber,Forward,6-10,240,1992-01-29,Germany,Bayern Munich,2017,Maxi Kleber,Maxi Kleber
276,1630233,Nathan,Knight,Forward-Center,6-8,253,1997-09-20,USA,William & Mary,2020,Nathan Knight,Jonathan Kuminga
277,1628995,Kevin,Knox II,Forward,6-7,215,1999-08-11,USA,Kentucky,2018,Kevin Knox II,Kevin Knox
278,1631132,Christian,Koloko,Center,7-0,230,2000-06-20,Cameroon,Arizona,2022,Christian Koloko,Christian Wood
279,1629723,John,Konchar,Guard,6-5,210,1996-03-22,USA,Indiana-Purdue Fort Wayne,2019,John Konchar,John Konchar
280,1627788,Furkan,Korkmaz,Guard-Forward,6-7,202,1997-07-24,Turkey,Anadolu Efes,2016,Furkan Korkmaz,Furkan Korkmaz
281,1628436,Luke,Kornet,Center-Forward,7-2,250,1995-07-15,USA,Vanderbilt,2017,Luke Kornet,Luke Kornet
283,1630228,Jonathan,Kuminga,Forward,6-7,225,2002-10-06,DRC,NBA G League Ignite,2021,Jonathan Kuminga,Jonathan Kuminga
284,1628398,Kyle,Kuzma,Forward,6-9,221,1995-07-24,USA,Utah,2017,Kyle Kuzma,Kyle Kuzma
285,1631222,Jake,LaRavia,Forward,6-7,235,2001-11-03,USA,Wake Forest,2022,Jake LaRavia,Jake LaRavia
286,203897,Zach,LaVine,Guard,6-5,200,1995-03-10,USA,UCLA,2014,Zach LaVine,Zach LaVine
287,1630237,Anthony,Lamb,Forward,6-6,227,1998-01-20,USA,Vermont,2020,Anthony Lamb,Anthony Davis
288,1629111,Jock,Landale,Center,6-11,255,1995-10-25,Australia,St. Mary's,2021,Jock Landale,Jock Landale
290,1630639,A.J.,Lawson,Guard,6-6,179,2000-07-15,Canada,South Carolina,2022,A.J. Lawson,P.J. Washington
291,1627747,Caris,LeVert,Guard,6-6,205,1994-08-25,USA,Michigan,2016,Caris LeVert,Caris LeVert
292,1627814,Damion,Lee,Guard-Forward,6-5,210,1992-10-21,USA,Drexel,2017,Damion Lee,Draymond Green
293,1630240,Saben,Lee,Guard,6-2,183,1999-06-23,USA,Vanderbilt,2020,Saben Lee,Saben Lee
294,203458,Alex,Len,Center,7-2,250,1993-06-16,Ukraine,Maryland,2013,Alex Len,Alex Len
295,202695,Kawhi,Leonard,Forward,6-7,225,1991-06-29,USA,San Diego State,2011,Kawhi Leonard,Kawhi Leonard
297,1630184,Kira,Lewis Jr.,Guard,6-1,170,2001-04-06,USA,Alabama,2020,Kira Lewis Jr.,Kira Lewis Jr.
298,1630604,E.J.,Liddell,Forward,6-6,240,2000-12-18,USA,Ohio State,2022,E.J. Liddell,E.J. Liddell
299,203081,Damian,Lillard,Guard,6-2,195,1990-07-15,USA,Weber State,2012,Damian Lillard,Damian Lillard
300,1629642,Nassir,Little,Forward-Guard,6-5,220,2000-02-11,USA,North Carolina,2019,Nassir Little,Nassir Little
301,1630587,Isaiah,Livers,Forward,6-6,232,1998-07-28,USA,Michigan,2021,Isaiah Livers,Isaiah Livers
302,1631254,Kenneth,Lofton Jr.,Forward,6-6,275,2002-08-14,USA,Louisiana Tech,2022,Kenneth Lofton Jr.,Kenneth Lofton Jr.
303,1626172,Kevon,Looney,Forward,6-9,222,1996-02-06,USA,UCLA,2015,Kevon Looney,Kevon Looney
304,201572,Brook,Lopez,Center,7-1,282,1988-04-01,USA,Stanford,2008,Brook Lopez,Brook Lopez
305,201577,Robin,Lopez,Center,7-0,281,1988-04-01,USA,Stanford,2008,Robin Lopez,Robin Lopez
306,201567,Kevin,Love,Forward-Center,6-8,251,1988-09-07,USA,UCLA,2008,Kevin Love,Kevin Love
307,200768,Kyle,Lowry,Guard,6-0,196,1986-03-25,USA,Villanova,2006,Kyle Lowry,Kyle Lowry
308,1626168,Trey,Lyles,Forward,6-9,234,1995-11-05,Canada,Kentucky,2015,Trey Lyles,Tre Jones
309,1630177,Theo,Maledon,Guard,6-5,175,2001-06-12,France,Asvel,2020,Theo Maledon,Théo Maledon
310,1630572,Sandro,Mamukelashvili,Forward-Center,6-10,240,1999-05-23,Georgia,Seton Hall,2021,Sandro Mamukelashvili,Sandro Mamukelashvili
311,1629611,Terance,Mann,Guard-Forward,6-5,215,1996-10-18,USA,Florida State,2019,Terance Mann,Terance Mann
312,1630544,Tre,Mann,Guard,6-3,178,2001-02-03,USA,Florida,2021,Tre Mann,Tre Mann
314,1628374,Lauri,Markkanen,Forward-Center,7-0,240,1997-05-22,Finland,Arizona,2017,Lauri Markkanen,Lauri Markkanen
315,1630230,Naji,Marshall,Forward,6-7,220,1998-01-24,USA,Xavier,2020,Naji Marshall,Naji Marshall
316,1628997,Caleb,Martin,Forward,6-5,205,1995-09-28,USA,Nevada,2019,Caleb Martin,Caleb Martin
317,1628998,Cody,Martin,Forward,6-6,205,1995-09-28,USA,Nevada,2019,Cody Martin,KJ Martin
318,1631213,Tyrese,Martin,Guard,6-6,215,1999-03-07,USA,Connecticut,2022,Tyrese Martin,Tyrese Haliburton
319,1630231,Kenyon,Martin Jr.,Forward,6-7,215,2001-01-06,USA,IMG Academy (FL),2020,Kenyon Martin Jr.,KJ Martin
320,1629726,Garrison,Mathews,Guard,6-6,215,1996-10-24,USA,Lipscomb,2019,Garrison Mathews,Garrison Mathews
321,1631097,Bennedict,Mathurin,Guard-Forward,6-5,210,2002-06-19,Canada,Arizona,2022,Bennedict Mathurin,Bennedict Mathurin
322,202083,Wesley,Matthews,Guard,6-5,220,1986-10-14,USA,Marquette,2009,Wesley Matthews,Wesley Matthews
323,1630178,Tyrese,Maxey,Guard,6-2,200,2000-11-04,USA,Kentucky,2020,Tyrese Maxey,Tyrese Maxey
324,1630219,Skylar,Mays,Guard,6-4,205,1997-09-05,USA,Louisiana State,2020,Skylar Mays,Skylar Mays
325,1630540,Miles,McBride,Guard,6-2,195,2000-09-08,USA,West Virginia,2021,Miles McBride,Miles McBride
327,203468,CJ,McCollum,Guard,6-3,190,1991-09-19,USA,Lehigh,2013,CJ McCollum,CJ McCollum
328,204456,T.J.,McConnell,Guard,6-1,190,1992-03-25,USA,Arizona,2015,T.J. McConnell,T.J. McConnell
329,1630183,Jaden,McDaniels,Forward,6-9,185,2000-09-29,USA,Washington,2020,Jaden McDaniels,Jaden McDaniels
330,1629667,Jalen,McDaniels,Forward-Center,6-9,205,1998-01-31,USA,San Diego State,2019,Jalen McDaniels,Jalen McDaniels
331,203926,Doug,McDermott,Forward,6-6,225,1992-01-03,USA,Creighton,2014,Doug McDermott,Doug McDermott
332,201580,JaVale,McGee,Center-Forward,7-0,270,1988-01-19,USA,Nevada,2008,JaVale McGee,JaVale McGee
333,1631121,Bryce,McGowens,Guard,6-6,175,2002-11-08,USA,Nebraska,2022,Bryce McGowens,Bryce McGowens
335,1629162,Jordan,McLaughlin,Guard,6-0,185,1996-04-09,USA,Southern California,2019,Jordan McLaughlin,Jordan McLaughlin
336,1629001,De'Anthony,Melton,Guard,6-2,200,1998-05-28,USA,Southern California,2018,De'Anthony Melton,De'Anthony Melton
337,1630241,Sam,Merrill,Guard,6-4,205,1996-05-15,USA,Utah State,2020,Sam Merrill,Sam Merrill
338,1629002,Chimezie,Metu,Forward-Center,6-9,225,1997-03-22,USA,Southern California,2018,Chimezie Metu,Chimezie Metu
339,203114,Khris,Middleton,Forward,6-7,222,1991-08-12,USA,Texas A&M,2012,Khris Middleton,Khris Middleton
341,1629003,Shake,Milton,Guard-Forward,6-5,205,1996-09-26,USA,Southern Methodist,2018,Shake Milton,Shake Milton
342,1631303,Justin,Minaya,Forward,6-7,210,1999-03-26,USA,Providence,2022,Justin Minaya,Justin Minaya
343,1631169,Josh,Minott,Forward,6-8,205,2002-11-25,USA,Memphis,2022,Josh Minott,Josh Minott
344,1630558,Davion,Mitchell,Guard,6-0,202,1998-09-05,USA,Baylor,2021,Davion Mitchell,Davion Mitchell
345,1628378,Donovan,Mitchell,Guard,6-1,215,1996-09-07,USA,Louisville,2017,Donovan Mitchell,Donovan Mitchell
346,1630596,Evan,Mobley,Center,6-11,215,2001-06-18,USA,Southern California,2021,Evan Mobley,Evan Mobley
347,1630600,Isaiah,Mobley,Forward,6-8,238,1999-09-24,USA,Southern California,2022,Isaiah Mobley,Isaiah Mobley
348,1631320,Chima,Moneke,Forward,6-5,223,1995-12-24,Nigeria,Cal-Davis,2022,Chima Moneke,Chuma Okeke
349,1628370,Malik,Monk,Guard,6-3,200,1998-02-04,USA,Kentucky,2017,Malik Monk,Malik Monk
350,1630541,Moses,Moody,Guard,6-5,211,2002-05-31,USA,Arkansas,2021,Moses Moody,Moses Moody
352,1631111,Wendell,Moore Jr.,Guard,6-5,215,2001-09-18,USA,Duke,2022,Wendell Moore Jr.,Wendell Carter Jr.
353,1629630,Ja,Morant,Guard,6-2,174,1999-08-10,USA,Murray State,2019,Ja Morant,Jerami Grant
354,202693,Markieff,Morris,Forward,6-9,245,1989-09-02,USA,Kansas,2011,Markieff Morris,Markieff Morris
355,1628420,Monte,Morris,Guard,6-2,183,1995-06-27,USA,Iowa State,2017,Monte Morris,Markieff Morris
356,202694,Marcus,Morris Sr.,Forward,6-8,218,1989-09-02,USA,Kansas,2011,Marcus Morris Sr.,Marcus Morris
358,1627749,Dejounte,Murray,Guard,6-5,180,1996-09-19,USA,Washington,2016,Dejounte Murray,Dejounte Murray
359,1627750,Jamal,Murray,Guard,6-4,215,1997-02-23,Canada,Kentucky,2016,Jamal Murray,Jamal Murray
360,1631099,Keegan,Murray,Forward,6-8,225,2000-08-19,USA,Iowa,2022,Keegan Murray,Keegan Murray
361,203488,Mike,Muscala,Forward-Center,6-11,240,1991-07-01,USA,Bucknell,2013,Mike Muscala,Mike Muscala
362,1629004,Svi,Mykhailiuk,Guard-Forward,6-7,205,1997-06-10,Ukraine,Kansas,2018,Svi Mykhailiuk,Svi Mykhailiuk
363,1626204,Larry,Nance Jr.,Forward-Center,6-8,245,1993-01-01,USA,Wyoming,2015,Larry Nance Jr.,Larry Nance Jr.
364,1629614,Andrew,Nembhard,Guard-Forward,6-3,191,2000-01-16,Canada,Gonzaga,2022,Andrew Nembhard,Andrew Nembhard
365,1630174,Aaron,Nesmith,Guard-Forward,6-5,215,1999-10-16,USA,Vanderbilt,2020,Aaron Nesmith,Aaron Nesmith
366,203526,Raul,Neto,Guard,6-2,180,1992-05-19,Brazil,Murcia,2013,Raul Neto,Paul George
367,1627777,Georges,Niang,Forward,6-7,230,1993-06-17,USA,Iowa State,2016,Georges Niang,Georges Niang
369,1630192,Zeke,Nnaji,Forward-Center,6-9,240,2001-01-09,USA,Arizona,2020,Zeke Nnaji,Zeke Nnaji
371,1629669,Jaylen,Nowell,Guard,6-4,201,1999-07-09,USA,Washington,2019,Jaylen Nowell,Jaylen Brown
373,1629134,Kendrick,Nunn,Guard,6-3,190,1995-08-03,USA,Oakland,2018,Kendrick Nunn,Kris Dunn
374,203994,Jusuf,Nurkic,Center,7-0,290,1994-08-23,Bosnia and Herzegovina,Cedevita,2014,Jusuf Nurkic,Jusuf Nurkić
375,1629670,Jordan,Nwora,Forward,6-9,225,1998-09-09,USA,Louisville,2020,Jordan Nwora,Jordan Nwora
376,1626220,Royce,O'Neale,Forward,6-6,226,1993-06-05,USA,Baylor,2017,Royce O'Neale,Royce O'Neale
377,1629643,Chuma,Okeke,Forward,6-8,229,1998-08-18,USA,Auburn,2019,Chuma Okeke,Chuma Okeke
378,1629006,Josh,Okogie,Guard,6-4,213,1998-09-01,Nigeria,Georgia Tech,2018,Josh Okogie,Josh Okogie
379,1630168,Onyeka,Okongwu,Forward-Center,6-9,240,2000-12-11,USA,Southern California,2020,Onyeka Okongwu,Onyeka Okongwu
380,1630171,Isaac,Okoro,Forward-Guard,6-5,225,2001-01-26,USA,Auburn,2020,Isaac Okoro,Isaac Okoro
383,203482,Kelly,Olynyk,Forward-Center,6-11,240,1991-04-19,Canada,Gonzaga,2013,Kelly Olynyk,Kelly Olynyk
384,1630647,Eugene,Omoruyi,Forward,6-6,235,1997-02-14,Nigeria,Oregon,2021,Eugene Omoruyi,Eugene Omoruyi
385,1626224,Cedi,Osman,Forward,6-7,230,1995-04-08,Turkey,Anadolu Efes,2015,Cedi Osman,Cedi Osman
386,1626162,Kelly,Oubre Jr.,Forward-Guard,6-6,203,1995-12-09,USA,Kansas,2015,Kelly Oubre Jr.,Kelly Oubre Jr.
387,101108,Chris,Paul,Guard,6-0,175,1985-05-06,USA,Wake Forest,2005,Chris Paul,Chris Paul
388,1626166,Cameron,Payne,Guard,6-1,183,1994-08-08,USA,Murray State,2015,Cameron Payne,Cameron Payne
389,1627780,Gary,Payton II,Guard,6-2,195,1992-12-01,USA,Oregon State,2016,Gary Payton II,Gary Payton II
390,1629033,Theo,Pinson,Guard-Forward,6-7,212,1995-11-05,USA,North Carolina,2018,Theo Pinson,Jerome Robinson
392,203486,Mason,Plumlee,Forward-Center,7-0,254,1990-03-05,USA,Duke,2013,Mason Plumlee,Mason Plumlee
393,1627751,Jakob,Poeltl,Center,7-1,245,1995-10-15,Austria,Utah,2016,Jakob Poeltl,Jakob Poeltl
394,1630197,Aleksej,Pokusevski,Forward,7-0,210,2001-12-26,Serbia,Olympiacos,2020,Aleksej Pokusevski,Aleksej Pokusevski
395,1629673,Jordan,Poole,Guard,6-4,194,1999-06-19,USA,Michigan,2019,Jordan Poole,Jordan Poole
396,1629645,Kevin,Porter Jr.,Guard-Forward,6-4,203,2000-05-04,USA,Southern California,2019,Kevin Porter Jr.,Craig Porter Jr.
397,1629008,Michael,Porter Jr.,Forward,6-10,218,1998-06-29,USA,Missouri,2018,Michael Porter Jr.,Michael Porter Jr.
398,203490,Otto,Porter Jr.,Forward,6-8,198,1993-06-03,USA,Georgetown,2013,Otto Porter Jr.,Otto Porter Jr.
399,1626171,Bobby,Portis,Forward,6-11,250,1995-02-10,USA,Arkansas,2015,Bobby Portis,Bobby Portis
400,204001,Kristaps,Porzingis,Forward-Center,7-3,240,1995-08-02,Latvia,Cajasol Sevilla,2015,Kristaps Porzingis,Kristaps Porziņģis
401,1630695,Micah,Potter,Center,6-8,248,1998-04-06,USA,Wisconsin,2021,Micah Potter,Michael Porter Jr.
402,203939,Dwight,Powell,Forward-Center,6-10,240,1991-07-20,Canada,Stanford,2014,Dwight Powell,Dwight Powell
403,1626181,Norman,Powell,Guard,6-4,215,1993-05-25,USA,UCLA,2015,Norman Powell,Norman Powell
404,1630554,Jason,Preston,Guard,6-3,181,1999-08-10,USA,Ohio,2021,Jason Preston,Jaxson Hayes
405,1630563,Joshua,Primo,Guard,6-6,189,2002-12-24,Canada,Alabama,2021,Joshua Primo,Josh Minott
406,1627752,Taurean,Prince,Forward,6-6,218,1994-03-22,USA,Baylor,2016,Taurean Prince,Taurean Prince
407,1630202,Payton,Pritchard,Guard,6-1,195,1998-01-28,USA,Oregon,2020,Payton Pritchard,Payton Pritchard
409,1629674,Neemias,Queta,Center,7-0,248,1999-07-13,Portugal,Utah State,2021,Neemias Queta,Neemias Queta
410,1630193,Immanuel,Quickley,Guard,6-2,190,1999-06-17,USA,Kentucky,2020,Immanuel Quickley,Immanuel Quickley
411,1631311,Lester,Quinones,Guard,6-4,208,2000-11-16,USA,Memphis,2022,Lester Quinones,Lester Quinones
412,203944,Julius,Randle,Forward-Center,6-8,250,1994-11-29,USA,Kentucky,2014,Julius Randle,Julius Randle
413,1630559,Austin,Reaves,Guard,6-5,197,1998-05-29,USA,Oklahoma,2021,Austin Reaves,Austin Reaves
414,1629629,Cam,Reddish,Forward-Guard,6-7,217,1999-09-01,USA,Duke,2019,Cam Reddish,Cam Reddish
415,1628432,Davon,Reed,Guard,6-5,206,1995-06-11,USA,Miami,2017,Davon Reed,Paul Reed
416,1630194,Paul,Reed,Forward,6-9,210,1999-06-14,USA,DePaul,2020,Paul Reed,Paul Reed
417,1629675,Naz,Reid,Center-Forward,6-9,264,1999-08-26,USA,Louisiana State,2019,Naz Reid,Naz Reid
418,1631197,Jared,Rhoden,Guard,6-6,210,1999-08-27,USA,Seton Hall,2022,Jared Rhoden,Jared Rhoden
419,1630208,Nick,Richards,Center,7-0,245,1997-11-29,Jamaica,Kentucky,2020,Nick Richards,Nick Richards
420,1626196,Josh,Richardson,Guard,6-6,200,1993-09-15,USA,Tennessee,2015,Josh Richardson,Josh Richardson
421,203085,Austin,Rivers,Guard,6-4,200,1992-08-01,USA,Duke,2012,Austin Rivers,Austin Reaves
422,1629130,Duncan,Robinson,Forward,6-7,215,1994-04-22,USA,Michigan,2018,Duncan Robinson,Duncan Robinson
423,1629011,Mitchell,Robinson,Center-Forward,7-0,240,1998-04-01,USA,Western Kentucky,2018,Mitchell Robinson,Mitchell Robinson
424,1631115,Orlando,Robinson,Center,6-10,235,2000-07-10,USA,Fresno State,2022,Orlando Robinson,Orlando Robinson
425,1630526,Jeremiah,Robinson-Earl,Forward,6-8,240,2000-11-03,USA,Villanova,2021,Jeremiah Robinson-Earl,Jeremiah Robinson-Earl
426,1629676,Isaiah,Roby,Forward,6-8,230,1998-02-03,USA,Nebraska,2019,Isaiah Roby,Isaiah Mobley
427,1631223,David,Roddy,Forward,6-4,255,2001-03-27,USA,Colorado State,2022,David Roddy,David Roddy
428,1631157,Ryan,Rollins,Guard,6-3,180,2002-07-03,USA,Toledo,2022,Ryan Rollins,Ryan Rollins
429,201565,Derrick,Rose,Guard,6-3,200,1988-10-04,USA,Memphis,2008,Derrick Rose,Derrick Rose
430,203082,Terrence,Ross,Guard-Forward,6-7,206,1991-02-05,USA,Washington,2012,Terrence Ross,Derrick Rose
431,1626179,Terry,Rozier,Guard,6-1,190,1994-03-17,USA,Louisville,2015,Terry Rozier,Terry Rozier
433,1626156,D'Angelo,Russell,Guard,6-4,193,1996-02-23,USA,Ohio State,2015,D'Angelo Russell,D'Angelo Russell
434,1630346,Matt,Ryan,Forward,6-6,215,1997-04-17,USA,Tennessee-Chattanooga,2021,Matt Ryan,Matt Ryan
435,1627734,Domantas,Sabonis,Forward-Center,7-1,240,1996-05-03,Lithuania,Gonzaga,2016,Domantas Sabonis,Domantas Sabonis
436,1629677,Luka,Samanic,Forward,6-10,227,2000-01-09,Croatia,Union Olimpija,2019,Luka Samanic,Luka Šamanić
437,203967,Dario,Saric,Forward-Center,6-10,225,1994-04-08,Croatia,Anadolu Efes,2014,Dario Saric,Dario Šarić
438,1630846,Olivier,Sarr,Center,6-11,240,1999-02-20,France,Kentucky,2021,Olivier Sarr,Olivier Sarr
439,1630648,Jordan,Schakel,Guard,6-6,200,1998-06-13,USA,San Diego State,2021,Jordan Schakel,Jordan McLaughlin
440,1629678,Admiral,Schofield,Forward,6-5,241,1997-03-30,United Kingdom,Tennessee,2019,Admiral Schofield,Admiral Schofield
441,203471,Dennis,Schroder,Guard,6-1,172,1993-09-15,Germany,Braunschweig,2013,Dennis Schroder,Dennis Schröder
443,1631220,Dereon,Seabron,Guard,6-5,180,2000-05-26,USA,North Carolina State,2022,Dereon Seabron,Dereon Seabron
444,1630578,Alperen,Sengun,Center,6-11,243,2002-07-25,Turkey,Besiktas,2021,Alperen Sengun,Alperen Şengün
445,1629012,Collin,Sexton,Guard,6-2,190,1999-01-04,USA,Alabama,2018,Collin Sexton,Collin Sexton
446,1629013,Landry,Shamet,Guard,6-4,190,1997-03-13,USA,Wichita State,2018,Landry Shamet,Landry Shamet
447,1630549,Day'Ron,Sharpe,Center,6-9,265,2001-11-06,USA,North Carolina,2021,Day'Ron Sharpe,Day'Ron Sharpe
448,1631101,Shaedon,Sharpe,Guard,6-5,200,2003-05-30,Canada,Kentucky,2022,Shaedon Sharpe,Shaedon Sharpe
449,1627783,Pascal,Siakam,Forward,6-8,230,1994-04-02,Cameroon,New Mexico State,2016,Pascal Siakam,Pascal Siakam
450,1629735,Chris,Silva,Forward,6-8,234,1996-09-19,Gabon,South Carolina,2019,Chris Silva,Chris Paul
451,1627732,Ben,Simmons,Guard-Forward,6-10,240,1996-07-20,Australia,Louisiana State,2016,Ben Simmons,Ben Simmons
452,1628424,Kobi,Simmons,Guard,6-5,180,1997-07-04,USA,Arizona,2017,Kobi Simmons,Ben Simmons
454,1629014,Anfernee,Simons,Guard,6-3,181,1999-06-08,USA,Edgewater HS (FL),2018,Anfernee Simons,Anfernee Simons
455,1630579,Jericho,Sims,Center,6-10,250,1998-10-20,USA,Texas,2021,Jericho Sims,Jericho Sims
456,203935,Marcus,Smart,Guard,6-4,220,1994-03-06,USA,Oklahoma State,2014,Marcus Smart,Marcus Smart
457,1630696,Dru,Smith,Guard,6-3,203,1997-12-30,USA,Missouri,2022,Dru Smith,Dru Smith
458,202397,Ish,Smith,Guard,6-0,175,1988-07-05,USA,Wake Forest,2010,Ish Smith,Ish Smith
459,1630188,Jalen,Smith,Forward-Center,6-9,215,2000-03-16,USA,Maryland,2020,Jalen Smith,Jalen Smith
460,1628372,Dennis,Smith Jr.,Guard,6-2,205,1997-11-25,USA,North Carolina State,2017,Dennis Smith Jr.,Dennis Smith Jr.
461,1631095,Jabari,Smith Jr.,Forward,6-11,220,2003-05-13,USA,Auburn,2022,Jabari Smith Jr.,Jabari Smith Jr.
463,1631110,Jeremy,Sochan,Forward,6-8,230,2003-05-20,Poland,Baylor,2022,Jeremy Sochan,Jeremy Sochan
464,1630531,Jaden,Springer,Guard,6-4,202,2002-09-25,USA,Tennessee,2021,Jaden Springer,Jaden Springer
465,1630205,Lamar,Stevens,Forward,6-6,230,1997-07-09,USA,Penn State,2020,Lamar Stevens,Lamar Stevens
466,1630191,Isaiah,Stewart,Forward-Center,6-8,250,2001-05-22,USA,Washington,2020,Isaiah Stewart,Isaiah Stewart
467,1629622,Max,Strus,Guard-Forward,6-5,215,1996-03-28,USA,DePaul,2019,Max Strus,Max Strus
468,1630591,Jalen,Suggs,Guard,6-5,205,2001-06-03,USA,Gonzaga,2021,Jalen Suggs,Jalen Suggs
470,1631306,Cole,Swider,Forward,6-9,220,1999-05-08,USA,Syracuse,2022,Cole Swider,Cole Swider
471,1630256,Jae'Sean,Tate,Forward,6-5,230,1995-10-28,USA,Ohio State,2020,Jae'Sean Tate,Jae'Sean Tate
472,1628369,Jayson,Tatum,Forward-Guard,6-8,210,1998-03-03,USA,Duke,2017,Jayson Tatum,Jayson Tatum
473,1630678,Terry,Taylor,Forward,6-4,230,1999-09-23,USA,Austin Peay,2021,Terry Taylor,Terry Taylor
474,202066,Garrett,Temple,Guard-Forward,6-6,195,1986-05-08,USA,Louisiana State,2009,Garrett Temple,Garrett Temple
475,1631207,Dalen,Terry,Forward,6-7,195,2002-07-12,USA,Arizona,2022,Dalen Terry,Dalen Terry
476,1628464,Daniel,Theis,Forward-Center,6-8,245,1992-04-04,Germany,Brose Bamberg,2017,Daniel Theis,Daniel Theis
477,1630560,Cam,Thomas,Guard,6-3,210,2001-10-13,Japan,Louisiana State,2021,Cam Thomas,Cam Thomas
478,202691,Klay,Thompson,Guard,6-6,220,1990-02-08,USA,Washington State,2011,Klay Thompson,Klay Thompson
479,202684,Tristan,Thompson,Center-Forward,6-9,254,1991-03-13,Canada,Texas-Austin,2011,Tristan Thompson,Tristan Thompson
480,1630550,JT,Thor,Forward,6-9,203,2002-08-26,USA,Auburn,2021,JT Thor,JT Thor
481,1629680,Matisse,Thybulle,Guard-Forward,6-5,201,1997-03-04,USA,Washington,2019,Matisse Thybulle,Matisse Thybulle
482,1630214,Xavier,Tillman,Forward,6-7,245,1999-01-12,USA,Michigan State,2020,Xavier Tillman,Xavier Tillman Sr.
483,1630225,Isaiah,Todd,Forward,6-9,219,2001-10-17,USA,NBA G League Ignite,2021,Isaiah Todd,Isaiah Joe
484,1630167,Obi,Toppin,Forward,6-9,220,1998-03-04,USA,Dayton,2020,Obi Toppin,Obi Toppin
486,1626157,Karl-Anthony,Towns,Center-Forward,7-0,248,1995-11-15,USA,Kentucky,2015,Karl-Anthony Towns,Karl-Anthony Towns
487,1629018,Gary,Trent Jr.,Guard-Forward,6-5,209,1999-01-18,USA,Duke,2018,Gary Trent Jr.,Gary Trent Jr.
488,200782,P.J.,Tucker,Forward,6-5,245,1985-05-05,USA,Texas,2006,P.J. Tucker,P.J. Tucker
489,1626167,Myles,Turner,Center-Forward,6-11,250,1996-03-24,USA,Texas,2015,Myles Turner,Myles Turner
490,1630649,Stanley,Umude,Guard,6-6,210,1999-04-12,USA,Arkansas,2022,Stanley Umude,Stanley Umude
491,202685,Jonas,Valanciunas,Center,6-11,265,1992-05-06,Lithuania,Lietuvos rytas Vilnius,2011,Jonas Valanciunas,Jonas Valančiūnas
492,1627832,Fred,VanVleet,Guard,6-0,197,1994-02-25,USA,Wichita State,2016,Fred VanVleet,Fred VanVleet
493,1629020,Jarred,Vanderbilt,Forward,6-8,214,1999-04-03,USA,Kentucky,2018,Jarred Vanderbilt,Fred VanVleet
494,1630170,Devin,Vassell,Guard-Forward,6-5,200,2000-08-23,USA,Florida State,2020,Devin Vassell,Devin Vassell
495,1629216,Gabe,Vincent,Guard,6-2,200,1996-06-14,USA,California-Santa Barbara,2019,Gabe Vincent,Gabe Vincent
497,202696,Nikola,Vucevic,Center,6-10,260,1990-10-24,Montenegro,Southern California,2011,Nikola Vucevic,Nikola Vučević
498,1629731,Dean,Wade,Forward-Center,6-9,228,1996-11-20,USA,Kansas State,2019,Dean Wade,Dean Wade
499,1630532,Franz,Wagner,Forward,6-10,220,2001-08-27,Germany,Michigan,2021,Franz Wagner,Franz Wagner
500,1629021,Moritz,Wagner,Forward-Center,6-11,245,1997-04-26,Germany,Michigan,2018,Moritz Wagner,Moritz Wagner
501,1630688,Ish,Wainright,Forward,6-5,250,1994-09-12,USA,Baylor,2021,Ish Wainright,Ish Wainright
502,1631133,Jabari,Walker,Forward,6-7,200,2002-07-30,USA,Colorado,2022,Jabari Walker,Jabari Walker
503,202689,Kemba,Walker,Guard,6-0,184,1990-05-08,USA,Connecticut,2011,Kemba Walker,Jabari Walker
504,1629022,Lonnie,Walker IV,Guard-Forward,6-4,204,1998-12-14,USA,Miami,2018,Lonnie Walker IV,Lonnie Walker IV
505,202322,John,Wall,Guard,6-3,210,1990-09-06,USA,Kentucky,2010,John Wall,John Collins
506,203933,T.J.,Warren,Forward,6-8,220,1993-09-05,USA,North Carolina State,2014,T.J. Warren,A.J. Green
507,1629023,P.J.,Washington,Forward,6-7,230,1998-08-23,USA,Kentucky,2019,P.J. Washington,P.J. Washington
508,1630613,Duane,Washington Jr.,Guard,6-2,197,2000-03-24,Germany,Ohio State,2021,Duane Washington Jr.,TyTy Washington Jr.
509,1631102,TyTy,Washington Jr.,Guard,6-3,195,2001-11-15,USA,Kentucky,2022,TyTy Washington Jr.,TyTy Washington Jr.
510,1629139,Yuta,Watanabe,Guard-Forward,6-8,215,1994-10-13,Japan,George Washington,2018,Yuta Watanabe,Yuta Watanabe
511,1630322,Lindy,Waters III,Forward,6-6,210,1997-07-28,USA,Oklahoma State,2021,Lindy Waters III,Lindy Waters III
512,1630570,Trendon,Watford,Forward,6-8,237,2000-11-09,USA,Louisiana State,2021,Trendon Watford,Trendon Watford
513,1631212,Peyton,Watson,Guard,6-7,200,2002-09-11,USA,UCLA,2022,Peyton Watson,Peyton Watson
514,1631104,Blake,Wesley,Guard,6-4,185,2003-03-16,USA,Notre Dame,2022,Blake Wesley,Blake Wesley
515,201566,Russell,Westbrook,Guard,6-3,200,1988-11-12,USA,UCLA,2008,Russell Westbrook,Russell Westbrook
516,1629632,Coby,White,Guard,6-5,195,2000-02-16,USA,North Carolina,2019,Coby White,Coby White
517,1628401,Derrick,White,Guard,6-4,190,1994-07-02,USA,Colorado,2017,Derrick White,Derrick White
518,1631298,Jack,White,Forward,6-7,225,1997-08-05,Australia,Duke,2022,Jack White,Derrick White
520,1630598,Aaron,Wiggins,Guard,6-5,190,1999-01-02,USA,Maryland,2021,Aaron Wiggins,Aaron Wiggins
521,203952,Andrew,Wiggins,Forward,6-7,197,1995-02-23,Canada,Kansas,2014,Andrew Wiggins,Andrew Wiggins
522,1629623,Lindell,Wigginton,Guard,6-1,189,1998-03-28,Canada,Iowa State,2019,Lindell Wigginton,Lindell Wigginton
523,1631214,Alondes,Williams,Guard,6-4,210,1999-06-19,USA,Wake Forest,2022,Alondes Williams,Jalen Williams
524,1631495,Donovan,Williams,Guard,6-6,190,2001-09-06,USA,UNLV,2022,Donovan Williams,Jalen Williams
525,1629684,Grant,Williams,Forward,6-6,236,1998-11-30,USA,Tennessee,2019,Grant Williams,Grant Williams
526,1631114,Jalen,Williams,Guard-Forward,6-5,211,2001-04-14,USA,Santa Clara,2022,Jalen Williams,Jalen Williams
527,1631119,Jaylin,Williams,Forward,6-9,240,2002-06-29,USA,Arkansas,2022,Jaylin Williams,Jaylin Williams
528,1631466,Jeenathan,Williams,Guard,6-5,205,1999-02-12,USA,Buffalo,2022,Jeenathan Williams,Jeenathan Williams
529,1629026,Kenrich,Williams,Guard-Forward,6-6,210,1994-12-02,USA,TCU,2018,Kenrich Williams,Kenrich Williams
530,1631109,Mark,Williams,Center,7-0,240,2001-12-16,USA,Duke,2022,Mark Williams,Mark Williams
531,1630172,Patrick,Williams,Forward,6-7,215,2001-08-26,USA,Florida State,2020,Patrick Williams,Patrick Williams
532,1630533,Ziaire,Williams,Forward,6-9,185,2001-09-12,USA,Stanford,2021,Ziaire Williams,Ziaire Williams
533,1629057,Robert,Williams III,Center-Forward,6-9,237,1997-10-17,USA,Texas A&M,2018,Robert Williams III,Robert Williams
534,1631246,Vince,Williams Jr.,Guard,6-4,205,2000-08-30,USA,Virginia Commonwealth,2022,Vince Williams Jr.,Vince Williams Jr.
535,1629627,Zion,Williamson,Forward,6-6,284,2000-07-06,USA,Duke,2019,Zion Williamson,Zion Williamson
536,1629685,Dylan,Windler,Guard-Forward,6-7,196,1996-09-22,USA,Belmont,2019,Dylan Windler,Dylan Windler
538,1630164,James,Wiseman,Center,7-0,240,2001-03-31,USA,Memphis,2020,James Wiseman,James Wiseman
539,1626174,Christian,Wood,Forward,6-9,214,1995-09-27,USA,UNLV,2015,Christian Wood,Christian Wood
540,1626153,Delon,Wright,Guard,6-5,185,1992-04-26,USA,Utah,2015,Delon Wright,Delon Wright
543,201152,Thaddeus,Young,Forward,6-8,235,1988-06-21,USA,Georgia Tech,2007,Thaddeus Young,Thaddeus Young
544,1629027,Trae,Young,Guard,6-1,164,1998-09-19,USA,Oklahoma,2018,Trae Young,Trae Young
545,1630209,Omer,Yurtseven,Center,6-11,275,1998-06-19,Turkey,Georgetown,2020,Omer Yurtseven,Omer Yurtseven
546,203469,Cody,Zeller,Forward-Center,6-11,240,1992-10-05,USA,Indiana,2013,Cody Zeller,Cody Zeller
547,1627826,Ivica,Zubac,Center,7-0,240,1997-03-18,Croatia,Mega Basket,2016,Ivica Zubac,Ivica Zubac
